Model,Trial,Learning Rate,Dropout,Trainable Layers,Epochs,Best Validation Accuracy,Best Validation Accuracy (%),Final Validation Accuracy,Final Validation Accuracy (%),Final Validation Loss,Training Time (seconds),Training Time (minutes),Total Parameters
MobileNetV3Small,Trial 1,0.001,0.3,Frozen base,3,0.6036585569381714,60.37,0.6036585569381714,60.37,1.0712,31.16,0.52,942005
MobileNetV3Small,Trial 2,0.0001,0.4,Frozen base,3,0.3524390161037445,35.24,0.3524390161037445,35.24,1.4969,31.24,0.52,942005
MobileNetV3Small,Trial 3,1e-05,0.3,Fine-tune last 10 layers,3,0.2780487835407257,27.8,0.2780487835407257,27.8,1.6144,32.63,0.54,942005
ResNet50,Trial 1,0.001,0.3,Frozen base,3,0.6317073106765747,63.17,0.6317073106765747,63.17,0.9788,344.97,5.75,23597957
ResNet50,Trial 2,0.0001,0.4,Frozen base,3,0.4841463267803192,48.41,0.4841463267803192,48.41,1.2819,373.91,6.23,23597957
ResNet50,Trial 3,1e-05,0.3,Fine-tune last 10 layers,3,0.48902440071105957,48.9,0.48902440071105957,48.9,1.2725,416.24,6.94,23597957
DenseNet121,Trial 1,0.001,0.3,Frozen base,3,0.5829268097877502,58.29,0.5829268097877502,58.29,1.0897,406.2,6.77,7042629
DenseNet121,Trial 2,0.0001,0.4,Frozen base,3,0.35121950507164,35.12,0.35121950507164,35.12,1.5268,396.54,6.61,7042629
DenseNet121,Trial 3,1e-05,0.3,Fine-tune last 10 layers,3,0.26951220631599426,26.95,0.26951220631599426,26.95,1.6343,412.36,6.87,7042629
